First Name,Last Name,Email Address,Phone,Title
﻿Karen,Smitham,Karen.Smitham@yahoo.com,871-720-2472 x0778,Poultry Cutter
﻿Dock,Wehner,Dock.Wehner@yahoo.com,573.203.8228,Inspector
﻿Thelma,West,Thelma.West@yahoo.com,289-888-0037 x9382,Retail Sales person
﻿Jayda,Renner,Jayda.Renner@yahoo.com,1-384-950-0855 x1743,Job Printer
﻿Katelynn,Welch,Katelynn.Welch@yahoo.com,1-436-364-5671,Conservation Scientist
﻿Randi,Jacobs,Randi.Jacobs@yahoo.com,+1.980.583.6228,Waitress
﻿Brennan,Corwin,Brennan.Corwin@yahoo.com,+1 (674) 582-1560,Poultry Cutter
﻿Florida,Walsh,Florida.Walsh@yahoo.com,427.500.6235 x421,Urban Planner
﻿Halie,Nicolas,Halie.Nicolas@yahoo.com,1-870-300-6891 x40727,Electronic Drafter
﻿Sally,Stamm,Sally.Stamm@yahoo.com,(243) 840-6172 x54870,Sawing Machine Tool Setter
﻿Adrianna,Strosin,Adrianna.Strosin@yahoo.com,847.804.5161 x0170,Maintenance and Repair Worker
﻿Lucienne,Abbott,Lucienne.Abbott@yahoo.com,762-809-7806,Clergy
﻿Tia,Aufderhar,Tia.Aufderhar@yahoo.com,906-264-5958 x465,Fabric Pressers
﻿Eliezer,Cartwright,Eliezer.Cartwright@yahoo.com,(956) 864-7222 x878,Coroner
﻿Chyna,Torphy,Chyna.Torphy@yahoo.com,985-912-0116,Agricultural Inspector
﻿Arne,Mosciski,Arne.Mosciski@hotmail.com,(587) 897-4994 x72647,Security Guard
﻿Bennie,Waters,Bennie.Waters@yahoo.com,650.787.6555,Janitorial Supervisor
﻿Hilbert,Hettinger,Hilbert.Hettinger@yahoo.com,+1.662.597.1081,Production Manager
﻿Sarai,Wisozk,Sarai.Wisozk@yahoo.com,+1.961.866.3804,Executive Secretary
﻿Marge,Zulauf,Marge.Zulauf@hotmail.com,1-396-909-8077,Supervisor of Police